{
  "version": "7",
  "dialect": "mysql",
  "entries": [
    {
      "idx": 0,
      "version": "5",
      "when": 1766413264682,
      "tag": "0000_odd_warlock",
      "breakpoints": true
    },
    {
      "idx": 1,
      "version": "5",
      "when": 1766413357835,
      "tag": "0001_careful_adam_destine",
      "breakpoints": true
    },
    {
      "idx": 2,
      "version": "5",
      "when": 1766476581335,
      "tag": "0002_breezy_princess_powerful",
      "breakpoints": true
    },
    {
      "idx": 3,
      "version": "5",
      "when": 1766486900960,
      "tag": "0003_familiar_magneto",
      "breakpoints": true
    },
    {
      "idx": 4,
      "version": "5",
      "when": 1766487137761,
      "tag": "0004_absent_susan_delgado",
      "breakpoints": true
    }
  ]
}